board state,rotation,x_pos,reward
"[[0, 0, 0], [0, 0, 0], [0, 0, 0], [1, 1, 1]][[1]]",3,2,14.530723467802297
"[[0, 0, 0], [0, 0, 0], [0, 0, 1], [1, 1, 1]][[1]]",2,1,10.232674434786448
"[[0, 0, 0], [0, 0, 0], [0, 1, 1], [1, 1, 1]][[1]]",1,1,6.229392092998868
"[[0, 0, 0], [0, 1, 0], [0, 1, 1], [1, 1, 1]][[1]]",3,2,5.733337877533487
"[[0, 0, 0], [0, 1, 1], [0, 1, 1], [1, 1, 1]][[1]]",0,1,-12.135487322564522
"[[0, 0, 0], [0, 0, 0], [0, 0, 0], [1, 1, 1]][[1]]",0,0,11.982041114666366
"[[0, 0, 0], [0, 0, 0], [1, 0, 0], [1, 1, 1]][[1]]",1,0,11.524191336689523
"[[0, 0, 0], [1, 0, 0], [1, 0, 0], [1, 1, 1]][[1]]",3,1,9.800193571174837
"[[0, 0, 0], [1, 0, 0], [1, 1, 0], [1, 1, 1]][[1]]",1,2,18.979717286183554
"[[0, 0, 0], [0, 0, 0], [1, 0, 0], [1, 1, 1]][[1]]",2,1,11.929939691250029
"[[0, 0, 0], [0, 0, 0], [1, 1, 0], [1, 1, 1]][[1]]",0,2,15.344723465330867
"[[0, 0, 0], [0, 0, 0], [0, 0, 0], [1, 1, 1]][[1]]",3,1,11.339261266222852
"[[0, 0, 0], [0, 0, 0], [0, 1, 0], [1, 1, 1]][[1]]",0,2,8.916334857864301
"[[0, 0, 0], [0, 0, 0], [0, 1, 1], [1, 1, 1]][[1]]",3,0,13.689150984604535
"[[0, 0, 0], [0, 0, 0], [0, 0, 1], [1, 1, 1]][[1]]",0,2,10.298508063495724
"[[0, 0, 0], [0, 0, 1], [0, 0, 1], [1, 1, 1]][[1]]",1,0,6.130203801847749
"[[0, 0, 0], [0, 0, 1], [1, 0, 1], [1, 1, 1]][[1]]",2,0,19.29756285838381
"[[0, 0, 0], [1, 0, 1], [1, 0, 1], [1, 1, 1]][[1]]",1,1,24.910448898216206
"[[0, 0, 0], [0, 0, 0], [1, 0, 1], [1, 1, 1]][[1]]",2,0,14.873170967592815
"[[0, 0, 0], [1, 0, 0], [1, 0, 1], [1, 1, 1]][[1]]",2,1,18.758623048819558
"[[0, 0, 0], [0, 0, 0], [1, 0, 0], [1, 1, 1]][[1]]",3,2,17.010616167073188
"[[0, 0, 0], [0, 0, 0], [1, 0, 1], [1, 1, 1]][[1]]",2,2,13.843745906274359
"[[0, 0, 0], [0, 0, 1], [1, 0, 1], [1, 1, 1]][[1]]",3,2,7.83856934969848
"[[0, 0, 1], [0, 0, 1], [1, 0, 1], [1, 1, 1]][[1]]",3,0,11.55123071439017
"[[0, 0, 1], [1, 0, 1], [1, 0, 1], [1, 1, 1]][[1]]",0,0,10.09224141686119
"[[1, 0, 1], [1, 0, 1], [1, 0, 1], [1, 1, 1]][[1]]",3,1,27.666260726992785
"[[0, 0, 0], [1, 0, 1], [1, 0, 1], [1, 1, 1]][[1]]",0,2,15.560362150780133
"[[1, 0, 1], [1, 0, 1], [1, 0, 1], [1, 1, 1]][[1]]",1,1,28.357309097364407
"[[0, 0, 0], [1, 0, 1], [1, 0, 1], [1, 1, 1]][[1]]",3,0,13.294678131747922
"[[1, 0, 0], [1, 0, 1], [1, 0, 1], [1, 1, 1]][[1]]",3,1,20.715978298760877
"[[0, 0, 0], [1, 0, 0], [1, 0, 1], [1, 1, 1]][[1]]",3,0,10.277743574523711
"[[1, 0, 0], [1, 0, 0], [1, 0, 1], [1, 1, 1]][[1]]",2,2,9.173971561080883
"[[1, 0, 0], [1, 0, 1], [1, 0, 1], [1, 1, 1]][[1]]",2,1,20.411865526200884
"[[0, 0, 0], [1, 0, 0], [1, 0, 1], [1, 1, 1]][[1]]",0,0,12.196580002384916
"[[1, 0, 0], [1, 0, 0], [1, 0, 1], [1, 1, 1]][[1]]",1,2,11.15346726679751
"[[1, 0, 0], [1, 0, 0], [1, 0, 1], [1, 1, 1]][[1]]",0,1,14.315254608044981
"[[0, 0, 0], [1, 0, 0], [1, 0, 0], [1, 1, 1]][[1]]",1,2,8.860519610588604
"[[0, 0, 0], [1, 0, 0], [1, 0, 1], [1, 1, 1]][[1]]",3,1,16.410668064977273
"[[0, 0, 0], [0, 0, 0], [1, 0, 0], [1, 1, 1]][[1]]",0,1,11.44574383778043
"[[0, 0, 0], [0, 0, 0], [1, 1, 0], [1, 1, 1]][[1]]",3,2,16.654055426589125
"[[0, 0, 0], [0, 0, 0], [0, 0, 0], [1, 1, 1]][[1]]",1,1,12.713898048979967
"[[0, 0, 0], [0, 0, 0], [0, 1, 1], [1, 1, 1]][[1]]",1,0,16.635733145411788
"[[0, 0, 0], [0, 0, 0], [0, 0, 1], [1, 1, 1]][[1]]",1,1,11.91684049636719
"[[0, 0, 0], [0, 0, 0], [0, 1, 1], [1, 1, 1]][[1]]",3,1,7.456188391703743
"[[0, 0, 0], [0, 1, 0], [0, 1, 1], [1, 1, 1]][[1]]",2,0,11.033610965707702
"[[0, 0, 0], [0, 0, 0], [0, 1, 0], [1, 1, 1]][[1]]",1,2,9.2912401287859
"[[0, 0, 0], [0, 1, 0], [0, 1, 1], [1, 1, 1]][[1]]",0,0,10.644069825438908
"[[0, 0, 0], [0, 0, 0], [0, 1, 1], [1, 1, 1]][[1]]",1,2,8.679304539154018
"[[0, 0, 0], [0, 0, 1], [0, 1, 1], [1, 1, 1]][[1]]",0,0,12.762899495116761
"[[0, 0, 0], [0, 0, 0], [0, 0, 1], [1, 1, 1]][[1]]",3,0,11.748436773931637
"[[0, 0, 0], [0, 0, 0], [1, 0, 1], [1, 1, 1]][[1]]",0,2,13.910114008724014
"[[0, 0, 1], [1, 0, 1], [1, 0, 1], [1, 1, 1]][[1]]",1,1,20.387795897777707
"[[0, 0, 0], [0, 0, 1], [1, 0, 1], [1, 1, 1]][[1]]",0,0,16.60571902238312
"[[0, 0, 0], [1, 0, 1], [1, 0, 1], [1, 1, 1]][[1]]",0,1,24.273860789023107
"[[0, 0, 0], [0, 0, 0], [1, 0, 1], [1, 1, 1]][[1]]",0,1,20.882581545619956
"[[0, 0, 0], [0, 0, 0], [0, 0, 0], [1, 1, 1]][[1]]",0,1,12.51795486015034
"[[0, 0, 0], [0, 0, 0], [0, 1, 0], [1, 1, 1]][[1]]",1,0,13.409616715308093
"[[0, 0, 0], [0, 0, 0], [1, 1, 0], [1, 1, 1]][[1]]",1,0,8.965143094664539
"[[0, 0, 0], [1, 0, 0], [1, 1, 0], [1, 1, 1]][[1]]",2,0,6.576364529402841
"[[1, 0, 0], [1, 0, 0], [1, 1, 0], [1, 1, 1]][[1]]",3,1,7.834997581669441
"[[1, 0, 0], [1, 1, 0], [1, 1, 0], [1, 1, 1]][[1]]",1,2,12.310832699582022
"[[1, 0, 0], [1, 0, 0], [1, 1, 0], [1, 1, 1]][[1]]",1,0,1.129856
"[[1, 0, 0], [1, 1, 0], [1, 1, 0], [1, 1, 1]][[1]]",2,1,-15.139834213109792
"[[0, 0, 0], [0, 0, 0], [0, 0, 0], [1, 1, 1]][[1]]",1,0,15.610698258744724
"[[0, 0, 0], [0, 0, 0], [1, 0, 0], [1, 1, 1]][[1]]",0,2,17.034965664540753
"[[0, 0, 0], [0, 0, 1], [1, 0, 1], [1, 1, 1]][[1]]",3,0,15.165104044470603
"[[0, 0, 0], [1, 0, 1], [1, 0, 1], [1, 1, 1]][[1]]",3,1,20.25802919291226
"[[0, 0, 0], [0, 0, 1], [1, 0, 1], [1, 1, 1]][[1]]",2,1,19.799127548872647
"[[0, 0, 0], [0, 0, 0], [0, 0, 1], [1, 1, 1]][[1]]",2,2,10.730962473156392
"[[0, 0, 0], [0, 0, 1], [0, 0, 1], [1, 1, 1]][[1]]",2,1,8.176516713942654
"[[0, 0, 0], [0, 0, 1], [0, 1, 1], [1, 1, 1]][[1]]",1,0,13.27611107661679
"[[0, 0, 0], [0, 0, 0], [0, 1, 1], [1, 1, 1]][[1]]",2,1,6.295629426661865
"[[0, 0, 0], [0, 0, 0], [0, 0, 0], [1, 1, 1]][[1]]",2,1,11.236578793841057
"[[0, 0, 0], [0, 0, 0], [0, 0, 0], [1, 1, 1]][[1]]",0,2,15.217338818696449
"[[0, 0, 0], [0, 0, 0], [0, 0, 1], [1, 1, 1]][[1]]",0,0,15.342192609012457
"[[0, 0, 0], [1, 0, 0], [1, 0, 1], [1, 1, 1]][[1]]",3,2,14.958077314850613
"[[0, 0, 0], [0, 0, 0], [1, 0, 1], [1, 1, 1]][[1]]",0,0,14.011364109581475
"[[0, 0, 0], [1, 0, 0], [1, 0, 1], [1, 1, 1]][[1]]",2,0,9.173722541348402
"[[0, 0, 0], [1, 0, 0], [1, 0, 1], [1, 1, 1]][[1]]",0,1,14.740966048710883
"[[0, 0, 0], [0, 0, 0], [1, 1, 0], [1, 1, 1]][[1]]",0,1,7.535500838215144
"[[0, 0, 0], [0, 1, 0], [1, 1, 0], [1, 1, 1]][[1]]",2,2,13.122088492888606
"[[0, 0, 0], [0, 0, 0], [0, 1, 0], [1, 1, 1]][[1]]",3,2,10.961523807062111
"[[0, 0, 0], [0, 0, 0], [0, 1, 1], [1, 1, 1]][[1]]",0,1,5.321546907619534
"[[0, 0, 0], [0, 1, 0], [0, 1, 1], [1, 1, 1]][[1]]",1,1,-12.531849611049452
"[[0, 0, 0], [0, 0, 0], [0, 0, 0], [1, 1, 1]][[1]]",3,0,12.40927792734571
"[[0, 0, 0], [0, 0, 0], [1, 0, 0], [1, 1, 1]][[1]]",2,0,8.225550217290804
"[[0, 0, 0], [1, 0, 0], [1, 0, 0], [1, 1, 1]][[1]]",2,0,7.849632906993774
"[[1, 0, 0], [1, 0, 0], [1, 0, 0], [1, 1, 1]][[1]]",0,1,3.141073163055181
"[[1, 0, 0], [1, 0, 0], [1, 1, 0], [1, 1, 1]][[1]]",1,1,9.26877475334598
"[[0, 0, 0], [0, 0, 0], [0, 0, 0], [1, 1, 1]][[1]]",2,0,14.31609422507614
"[[0, 0, 0], [1, 0, 0], [1, 0, 0], [1, 1, 1]][[1]]",0,0,5.8596347401416455
"[[1, 0, 0], [1, 1, 0], [1, 1, 0], [1, 1, 1]][[1]]",3,2,8.773110501501936
"[[0, 0, 0], [0, 0, 0], [1, 0, 0], [1, 1, 1]][[1]]",0,0,9.599895916339186
"[[0, 0, 0], [1, 0, 0], [1, 1, 0], [1, 1, 1]][[1]]",2,1,7.372916735740027
"[[0, 0, 0], [1, 1, 0], [1, 1, 0], [1, 1, 1]][[1]]",3,2,11.985077709255506
"[[0, 0, 0], [0, 0, 0], [0, 1, 0], [1, 1, 1]][[1]]",2,2,8.424588638434239
"[[0, 0, 0], [0, 1, 0], [0, 1, 1], [1, 1, 1]][[1]]",0,2,3.567056180164237
"[[0, 0, 0], [0, 1, 1], [0, 1, 1], [1, 1, 1]][[1]]",1,0,10.54518555801048
"[[0, 0, 0], [0, 0, 0], [0, 1, 1], [1, 1, 1]][[1]]",2,0,11.372998583831567
"[[0, 0, 0], [0, 0, 0], [1, 0, 0], [1, 1, 1]][[1]]",3,0,10.161296872267728
"[[0, 0, 0], [1, 0, 0], [1, 1, 0], [1, 1, 1]][[1]]",1,0,1.3311840161533812
"[[1, 0, 0], [1, 0, 0], [1, 1, 0], [1, 1, 1]][[1]]",2,1,4.094027219983149
"[[0, 0, 0], [0, 0, 0], [0, 0, 0], [1, 1, 1]][[1]]",2,2,15.283754870399342
"[[0, 0, 0], [0, 0, 0], [1, 0, 1], [1, 1, 1]][[1]]",3,0,12.217348083348007
"[[0, 0, 0], [1, 0, 0], [1, 0, 1], [1, 1, 1]][[1]]",1,1,20.28615336217487
"[[0, 0, 0], [0, 0, 0], [1, 0, 0], [1, 1, 1]][[1]]",2,2,15.311608197539968
"[[0, 0, 0], [1, 0, 1], [1, 0, 1], [1, 1, 1]][[1]]",2,2,14.236022075827586
"[[0, 0, 1], [1, 0, 1], [1, 0, 1], [1, 1, 1]][[1]]",2,1,21.08699573096342
"[[0, 0, 0], [0, 0, 1], [1, 0, 1], [1, 1, 1]][[1]]",1,1,19.666619389521816
"[[0, 0, 0], [0, 0, 0], [1, 0, 1], [1, 1, 1]][[1]]",1,2,12.205375044930715
"[[0, 0, 1], [0, 0, 1], [1, 0, 1], [1, 1, 1]][[1]]",2,0,6.241926248962162
"[[0, 0, 1], [1, 0, 1], [1, 0, 1], [1, 1, 1]][[1]]",0,1,20.83361434527186
"[[0, 0, 1], [0, 0, 1], [1, 0, 1], [1, 1, 1]][[1]]",3,1,12.055730842141315
"[[0, 0, 0], [0, 0, 1], [0, 0, 1], [1, 1, 1]][[1]]",1,2,3.5366257549250744
"[[0, 0, 1], [0, 0, 1], [0, 0, 1], [1, 1, 1]][[1]]",0,0,2.6152889824289582
"[[0, 0, 1], [0, 0, 1], [1, 0, 1], [1, 1, 1]][[1]]",2,1,12.392581170151981
"[[0, 0, 0], [0, 0, 1], [0, 1, 1], [1, 1, 1]][[1]]",3,0,12.833685831266026
"[[0, 0, 0], [0, 0, 0], [0, 0, 1], [1, 1, 1]][[1]]",3,1,12.624052001120432
"[[0, 0, 0], [0, 1, 1], [0, 1, 1], [1, 1, 1]][[1]]",3,0,11.471543715583
"[[0, 0, 0], [0, 0, 0], [0, 1, 1], [1, 1, 1]][[1]]",0,2,11.2603457093341
"[[0, 0, 0], [0, 0, 0], [0, 0, 1], [1, 1, 1]][[1]]",3,2,8.22319720422328
"[[0, 0, 0], [0, 0, 1], [0, 0, 1], [1, 1, 1]][[1]]",1,1,8.974236731131171
"[[0, 0, 0], [0, 0, 0], [0, 0, 1], [1, 1, 1]][[1]]",0,1,9.236263048892951
"[[0, 0, 0], [0, 1, 0], [0, 1, 1], [1, 1, 1]][[1]]",1,2,4.511447936423866
"[[0, 0, 0], [0, 1, 1], [0, 1, 1], [1, 1, 1]][[1]]",3,2,5.863004914570225
"[[0, 0, 1], [0, 1, 1], [0, 1, 1], [1, 1, 1]][[1]]",0,0,11.897100425472559
"[[0, 0, 0], [0, 0, 1], [0, 1, 1], [1, 1, 1]][[1]]",2,1,8.552831785149543
"[[0, 0, 0], [0, 1, 1], [0, 1, 1], [1, 1, 1]][[1]]",2,0,9.834847676256391
"[[0, 0, 0], [0, 0, 0], [0, 1, 1], [1, 1, 1]][[1]]",0,0,14.628437514667725
"[[0, 0, 0], [1, 0, 1], [1, 0, 1], [1, 1, 1]][[1]]",3,2,13.62541084519987
"[[0, 0, 0], [0, 0, 1], [1, 0, 1], [1, 1, 1]][[1]]",0,1,20.147595234785715
"[[0, 0, 0], [0, 0, 0], [0, 0, 1], [1, 1, 1]][[1]]",1,2,11.100517434158435
"[[0, 0, 0], [0, 0, 1], [0, 0, 1], [1, 1, 1]][[1]]",2,0,12.987096857327487
"[[0, 0, 0], [0, 0, 0], [0, 0, 1], [1, 1, 1]][[1]]",1,0,14.625980213760482
"[[0, 0, 0], [0, 0, 0], [1, 0, 1], [1, 1, 1]][[1]]",2,1,20.110820547250572
"[[0, 0, 0], [0, 0, 0], [1, 1, 0], [1, 1, 1]][[1]]",0,0,10.697675636243503
"[[0, 0, 0], [1, 0, 0], [1, 1, 0], [1, 1, 1]][[1]]",1,1,4.335720357924467
"[[1, 0, 0], [1, 0, 0], [1, 0, 0], [1, 1, 1]][[1]]",1,2,5.911747454118064
"[[1, 0, 0], [1, 0, 1], [1, 0, 1], [1, 1, 1]][[1]]",0,2,11.385811371828588
"[[0, 0, 1], [1, 0, 1], [1, 0, 1], [1, 1, 1]][[1]]",1,2,4.743507956474742
"[[0, 0, 0], [1, 0, 1], [1, 0, 1], [1, 1, 1]][[1]]",0,0,15.27363556780138
"[[1, 0, 0], [1, 0, 1], [1, 0, 1], [1, 1, 1]][[1]]",1,1,18.272304845820194
"[[0, 0, 0], [1, 0, 0], [1, 0, 0], [1, 1, 1]][[1]]",2,2,4.951105396747132
"[[0, 0, 1], [0, 0, 1], [1, 0, 1], [1, 1, 1]][[1]]",0,0,10.162149068340826
"[[0, 0, 1], [1, 0, 1], [1, 0, 1], [1, 1, 1]][[1]]",1,0,16.612407692449473
"[[1, 0, 1], [1, 0, 1], [1, 0, 1], [1, 1, 1]][[1]]",0,1,28.643834530295948
"[[1, 0, 1], [1, 0, 1], [1, 0, 1], [1, 1, 1]][[1]]",2,0,2.3541314816
"[[0, 0, 0], [1, 0, 1], [1, 0, 1], [1, 1, 1]][[1]]",2,1,26.894481036502732
"[[0, 0, 0], [0, 0, 1], [1, 0, 1], [1, 1, 1]][[1]]",1,0,16.65301171670648
"[[0, 0, 0], [1, 0, 0], [1, 0, 0], [1, 1, 1]][[1]]",0,1,12.472498330763498
"[[0, 0, 0], [1, 0, 0], [1, 1, 0], [1, 1, 1]][[1]]",3,2,12.920322029999468
"[[0, 0, 0], [1, 0, 0], [1, 0, 0], [1, 1, 1]][[1]]",3,0,6.439330195142427
"[[1, 0, 0], [1, 0, 0], [1, 0, 1], [1, 1, 1]][[1]]",1,1,14.690986471380047
"[[0, 0, 0], [1, 0, 0], [1, 0, 0], [1, 1, 1]][[1]]",1,0,6.978703813242403
"[[0, 0, 0], [1, 0, 0], [1, 1, 0], [1, 1, 1]][[1]]",0,2,17.027184630095373
"[[0, 0, 0], [0, 0, 1], [0, 0, 1], [1, 1, 1]][[1]]",0,1,12.292109646087589
"[[0, 0, 0], [0, 0, 1], [0, 1, 1], [1, 1, 1]][[1]]",3,1,5.4548238607342086
"[[0, 0, 0], [0, 0, 0], [1, 1, 0], [1, 1, 1]][[1]]",1,1,6.974396953321669
"[[0, 0, 0], [0, 1, 0], [1, 1, 0], [1, 1, 1]][[1]]",0,0,3.991351725760072
"[[0, 0, 0], [1, 1, 0], [1, 1, 0], [1, 1, 1]][[1]]",3,0,5.777707982680763
"[[0, 0, 0], [0, 0, 0], [0, 0, 1], [1, 1, 1]][[1]]",2,0,18.259451835555904
"[[0, 0, 0], [0, 0, 0], [1, 0, 1], [1, 1, 1]][[1]]",3,2,15.140428963987757
"[[0, 0, 0], [0, 0, 0], [1, 0, 0], [1, 1, 1]][[1]]",1,2,13.598252203966716
"[[0, 0, 0], [1, 0, 0], [1, 1, 0], [1, 1, 1]][[1]]",0,1,8.033964347050304
"[[0, 0, 0], [1, 1, 0], [1, 1, 0], [1, 1, 1]][[1]]",2,2,4.49528424212713
"[[0, 0, 0], [0, 1, 0], [1, 1, 0], [1, 1, 1]][[1]]",2,1,-10.40824972747369
"[[0, 0, 0], [0, 0, 0], [1, 0, 1], [1, 1, 1]][[1]]",1,0,13.751850292148712
"[[0, 0, 0], [0, 0, 0], [1, 0, 1], [1, 1, 1]][[1]]",1,1,23.082208018367805
"[[1, 0, 0], [1, 0, 0], [1, 0, 1], [1, 1, 1]][[1]]",0,2,11.56052648077787
"[[0, 0, 0], [1, 0, 0], [1, 0, 1], [1, 1, 1]][[1]]",0,2,12.717565464966551
"[[1, 0, 0], [1, 0, 1], [1, 0, 1], [1, 1, 1]][[1]]",1,2,15.231101209818295
"[[0, 0, 0], [0, 0, 0], [0, 0, 0], [1, 1, 1]][[1]]",1,2,13.900783240347437
"[[0, 0, 0], [1, 0, 0], [1, 0, 1], [1, 1, 1]][[1]]",2,2,14.07280719149713
"[[0, 0, 0], [1, 0, 1], [1, 0, 1], [1, 1, 1]][[1]]",1,0,16.899633864255303
"[[0, 0, 0], [0, 0, 0], [1, 1, 0], [1, 1, 1]][[1]]",3,1,4.308365157879782
"[[0, 0, 0], [0, 1, 0], [1, 1, 0], [1, 1, 1]][[1]]",2,0,5.034198150806
"[[1, 0, 0], [1, 1, 0], [1, 1, 0], [1, 1, 1]][[1]]",2,2,15.343584049935988
"[[0, 0, 0], [1, 1, 0], [1, 1, 0], [1, 1, 1]][[1]]",2,1,-13.969495696856947
"[[0, 0, 0], [0, 1, 1], [0, 1, 1], [1, 1, 1]][[1]]",1,2,5.149746619477545
"[[0, 0, 1], [0, 1, 1], [0, 1, 1], [1, 1, 1]][[1]]",2,0,16.77987367896776
"[[0, 0, 0], [0, 0, 1], [0, 1, 1], [1, 1, 1]][[1]]",3,2,9.18238248287303
"[[0, 0, 1], [0, 0, 1], [0, 1, 1], [1, 1, 1]][[1]]",1,0,12.22575470706076
"[[0, 0, 0], [0, 0, 1], [0, 0, 1], [1, 1, 1]][[1]]",3,2,3.5064303053241925
"[[0, 0, 1], [0, 0, 1], [0, 0, 1], [1, 1, 1]][[1]]",2,0,2.093361022067658
"[[0, 0, 1], [0, 0, 1], [1, 0, 1], [1, 1, 1]][[1]]",0,1,10.421322377283072
"[[0, 0, 0], [0, 0, 1], [0, 1, 1], [1, 1, 1]][[1]]",0,1,5.225162439615637
"[[0, 0, 0], [0, 0, 0], [0, 1, 1], [1, 1, 1]][[1]]",3,2,13.554351655322295
"[[0, 0, 1], [0, 1, 1], [0, 1, 1], [1, 1, 1]][[1]]",2,1,-12.095707207284534
"[[0, 0, 0], [0, 0, 0], [0, 1, 0], [1, 1, 1]][[1]]",0,0,10.935523471386386
"[[1, 0, 0], [1, 0, 0], [1, 1, 0], [1, 1, 1]][[1]]",3,2,10.144739645766261
"[[1, 0, 0], [1, 0, 1], [1, 0, 1], [1, 1, 1]][[1]]",0,1,20.467216874373975
"[[1, 0, 0], [1, 0, 0], [1, 0, 0], [1, 1, 1]][[1]]",2,2,5.604414543856225
"[[1, 0, 0], [1, 0, 0], [1, 0, 0], [1, 1, 1]][[1]]",0,2,6.0730322038333195
"[[1, 0, 0], [1, 0, 0], [1, 0, 1], [1, 1, 1]][[1]]",2,1,12.85624510826154
"[[0, 0, 0], [1, 0, 0], [1, 0, 1], [1, 1, 1]][[1]]",1,2,14.04539265276299
"[[0, 0, 0], [1, 0, 1], [1, 0, 1], [1, 1, 1]][[1]]",1,2,16.791803151445357
"[[0, 0, 0], [1, 0, 0], [1, 0, 1], [1, 1, 1]][[1]]",1,0,11.464557483707855
"[[1, 0, 0], [1, 0, 0], [1, 0, 1], [1, 1, 1]][[1]]",3,2,11.634951407195183
"[[1, 0, 0], [1, 0, 1], [1, 0, 1], [1, 1, 1]][[1]]",3,2,10.536913172664175
"[[1, 0, 1], [1, 0, 1], [1, 0, 1], [1, 1, 1]][[1]]",2,1,27.48993443631982
"[[0, 0, 0], [0, 0, 0], [1, 0, 1], [1, 1, 1]][[1]]",3,1,22.3435610410727
"[[0, 0, 1], [0, 1, 1], [0, 1, 1], [1, 1, 1]][[1]]",3,1,-14.073583637318109
"[[0, 0, 0], [1, 0, 0], [1, 0, 0], [1, 1, 1]][[1]]",1,1,6.752020528964897
"[[0, 0, 0], [1, 1, 0], [1, 1, 0], [1, 1, 1]][[1]]",0,2,7.7571786237701845
"[[0, 0, 0], [0, 0, 0], [1, 1, 0], [1, 1, 1]][[1]]",3,0,8.495876620226094
"[[0, 0, 0], [0, 0, 0], [0, 1, 0], [1, 1, 1]][[1]]",2,1,6.915465581636214
"[[0, 0, 0], [0, 1, 0], [0, 1, 0], [1, 1, 1]][[1]]",1,2,-1.1253181351885044
"[[0, 0, 0], [0, 1, 1], [0, 1, 1], [1, 1, 1]][[1]]",3,1,-8.26381938328774
"[[0, 0, 0], [0, 0, 0], [0, 1, 0], [1, 1, 1]][[1]]",3,1,6.607903660116497
"[[0, 0, 0], [0, 1, 0], [0, 1, 0], [1, 1, 1]][[1]]",3,2,0.5362363524567175
"[[0, 0, 0], [0, 1, 0], [0, 1, 1], [1, 1, 1]][[1]]",1,0,12.338420277608595
"[[0, 0, 0], [0, 1, 0], [0, 1, 0], [1, 1, 1]][[1]]",3,1,-8.198977523056765
"[[0, 0, 0], [0, 0, 0], [0, 1, 0], [1, 1, 1]][[1]]",1,1,5.8246383698058795
"[[0, 0, 0], [0, 1, 0], [0, 1, 0], [1, 1, 1]][[1]]",3,0,0.4266523680036174
"[[0, 0, 0], [0, 1, 0], [1, 1, 0], [1, 1, 1]][[1]]",1,0,1.8517800318318176
"[[0, 0, 0], [1, 1, 0], [1, 1, 0], [1, 1, 1]][[1]]",1,1,-6.253532595127835
"[[0, 0, 0], [0, 0, 0], [1, 0, 0], [1, 1, 1]][[1]]",1,1,10.386149255262538
"[[0, 0, 0], [0, 1, 0], [0, 1, 0], [1, 1, 1]][[1]]",1,1,-7.8900492999971785
"[[0, 0, 0], [1, 0, 0], [1, 1, 0], [1, 1, 1]][[1]]",3,0,6.579020232302645
"[[1, 0, 0], [1, 1, 0], [1, 1, 0], [1, 1, 1]][[1]]",0,2,10.185937863804451
"[[0, 0, 0], [1, 0, 0], [1, 1, 0], [1, 1, 1]][[1]]",3,1,7.37161558817744
"[[0, 0, 0], [1, 1, 0], [1, 1, 0], [1, 1, 1]][[1]]",0,1,-12.756453795080466
"[[0, 0, 0], [1, 0, 0], [1, 0, 0], [1, 1, 1]][[1]]",0,2,10.606944101522236
"[[0, 0, 0], [0, 0, 1], [1, 0, 1], [1, 1, 1]][[1]]",2,2,10.21572380530384
"[[0, 0, 0], [0, 0, 1], [0, 0, 1], [1, 1, 1]][[1]]",0,0,15.154429657488917
"[[0, 0, 0], [0, 0, 1], [0, 0, 1], [1, 1, 1]][[1]]",3,1,11.244985068261117
"[[0, 0, 0], [0, 0, 1], [0, 1, 1], [1, 1, 1]][[1]]",2,0,19.113084486633152
"[[0, 0, 0], [0, 1, 0], [0, 1, 1], [1, 1, 1]][[1]]",0,1,-5.832655013135729
"[[0, 0, 0], [1, 0, 0], [1, 0, 0], [1, 1, 1]][[1]]",3,2,12.899409218511407
"[[1, 0, 0], [1, 0, 0], [1, 1, 0], [1, 1, 1]][[1]]",0,2,5.3203706156742765
"[[0, 0, 0], [1, 1, 0], [1, 1, 0], [1, 1, 1]][[1]]",1,0,2.165220405099362
"[[1, 0, 0], [1, 1, 0], [1, 1, 0], [1, 1, 1]][[1]]",3,1,-10.011995106598727
"[[0, 0, 0], [0, 0, 0], [1, 0, 0], [1, 1, 1]][[1]]",3,1,11.214855895085792
"[[0, 0, 0], [0, 0, 0], [1, 1, 0], [1, 1, 1]][[1]]",2,2,16.030044656965334
"[[0, 0, 1], [0, 0, 1], [0, 1, 1], [1, 1, 1]][[1]]",2,1,8.011628760991368
"[[0, 0, 0], [1, 0, 1], [1, 0, 1], [1, 1, 1]][[1]]",2,0,9.224872471458072
"[[0, 0, 0], [0, 1, 0], [0, 1, 0], [1, 1, 1]][[1]]",0,0,6.0005951233483135
"[[0, 0, 0], [0, 1, 0], [1, 1, 0], [1, 1, 1]][[1]]",0,1,-13.172223881995624
"[[0, 0, 0], [0, 1, 1], [0, 1, 1], [1, 1, 1]][[1]]",0,2,6.28600191213609
"[[0, 0, 0], [0, 0, 1], [0, 1, 1], [1, 1, 1]][[1]]",1,2,8.123096188576636
"[[0, 0, 1], [0, 0, 1], [0, 1, 1], [1, 1, 1]][[1]]",2,0,12.828763915675648
"[[0, 0, 0], [0, 0, 1], [0, 0, 1], [1, 1, 1]][[1]]",3,0,11.037571081955628
"[[0, 0, 0], [0, 0, 1], [1, 0, 1], [1, 1, 1]][[1]]",0,2,8.950526683934008
"[[0, 0, 1], [1, 0, 1], [1, 0, 1], [1, 1, 1]][[1]]",3,1,17.275599433645397
"[[0, 0, 0], [0, 0, 1], [1, 0, 1], [1, 1, 1]][[1]]",1,2,6.715318615115607
"[[0, 0, 0], [0, 1, 1], [0, 1, 1], [1, 1, 1]][[1]]",0,0,9.227214971936458
"[[0, 0, 1], [0, 0, 1], [0, 1, 1], [1, 1, 1]][[1]]",0,1,8.84140023429015
"[[0, 0, 1], [0, 1, 1], [0, 1, 1], [1, 1, 1]][[1]]",1,1,-11.42022108491262
"[[0, 0, 0], [0, 0, 1], [0, 1, 1], [1, 1, 1]][[1]]",1,1,7.102828170942113
"[[0, 0, 0], [0, 1, 0], [0, 1, 1], [1, 1, 1]][[1]]",2,2,6.125176841381071
"[[1, 0, 0], [1, 0, 0], [1, 0, 1], [1, 1, 1]][[1]]",3,1,11.928307237413794
"[[0, 0, 0], [0, 0, 1], [0, 1, 1], [1, 1, 1]][[1]]",0,2,8.681145161915717
"[[0, 0, 0], [0, 0, 1], [0, 0, 1], [1, 1, 1]][[1]]",2,2,4.776822084125742
"[[0, 0, 0], [0, 1, 1], [0, 1, 1], [1, 1, 1]][[1]]",2,1,-9.754557186412889
"[[0, 0, 0], [0, 0, 0], [0, 1, 0], [1, 1, 1]][[1]]",0,1,6.092039932560996
"[[0, 0, 0], [0, 1, 0], [0, 1, 0], [1, 1, 1]][[1]]",1,0,4.549208750258341
"[[0, 0, 0], [0, 1, 0], [1, 1, 0], [1, 1, 1]][[1]]",1,1,-10.542031191641014
"[[1, 0, 0], [1, 0, 0], [1, 1, 0], [1, 1, 1]][[1]]",1,2,8.329449047070387
"[[0, 0, 0], [0, 0, 0], [0, 1, 0], [1, 1, 1]][[1]]",3,0,4.91733393638351
"[[0, 0, 0], [0, 0, 0], [1, 1, 0], [1, 1, 1]][[1]]",2,1,3.2410963326514697
"[[0, 0, 0], [0, 0, 1], [0, 0, 1], [1, 1, 1]][[1]]",0,2,4.785943696244146
"[[0, 0, 1], [0, 0, 1], [0, 0, 1], [1, 1, 1]][[1]]",0,1,2.800401733633028
"[[0, 0, 1], [0, 0, 1], [1, 0, 1], [1, 1, 1]][[1]]",1,1,12.897084160216922
"[[0, 0, 0], [0, 0, 1], [0, 1, 1], [1, 1, 1]][[1]]",2,2,6.848105664057898
"[[0, 0, 1], [0, 1, 1], [0, 1, 1], [1, 1, 1]][[1]]",1,0,14.713929164769665
"[[0, 0, 1], [0, 0, 1], [0, 1, 1], [1, 1, 1]][[1]]",3,0,11.165465224498636
"[[0, 0, 1], [0, 1, 1], [0, 1, 1], [1, 1, 1]][[1]]",0,1,-11.7922965444887
"[[0, 0, 0], [0, 0, 0], [0, 1, 0], [1, 1, 1]][[1]]",2,0,12.445896771249426
"[[0, 0, 0], [0, 1, 0], [1, 1, 0], [1, 1, 1]][[1]]",1,2,5.433854077348166
"[[0, 0, 0], [1, 0, 0], [1, 0, 0], [1, 1, 1]][[1]]",2,1,12.146672098513447
"[[0, 0, 0], [1, 0, 0], [1, 1, 0], [1, 1, 1]][[1]]",2,2,13.683201621469738
"[[0, 0, 1], [0, 0, 1], [1, 0, 1], [1, 1, 1]][[1]]",1,0,2.987437912897883
"[[0, 0, 1], [0, 0, 1], [0, 0, 1], [1, 1, 1]][[1]]",0,2,1.365696515528338
"[[1, 0, 0], [1, 0, 0], [1, 0, 0], [1, 1, 1]][[1]]",2,1,2.549973137155108
"[[0, 0, 0], [1, 1, 0], [1, 1, 0], [1, 1, 1]][[1]]",3,1,-11.043917232446553
"[[1, 0, 0], [1, 0, 1], [1, 0, 1], [1, 1, 1]][[1]]",2,2,20.417943701900587
"[[0, 0, 1], [1, 0, 1], [1, 0, 1], [1, 1, 1]][[1]]",3,0,12.280610461925779
"[[0, 0, 1], [0, 0, 1], [0, 1, 1], [1, 1, 1]][[1]]",0,0,7.5081888147977205
"[[0, 0, 0], [0, 1, 1], [0, 1, 1], [1, 1, 1]][[1]]",2,2,7.289355573629399
"[[0, 0, 1], [1, 0, 1], [1, 0, 1], [1, 1, 1]][[1]]",0,2,2.8006608057835103
"[[0, 0, 1], [1, 0, 1], [1, 0, 1], [1, 1, 1]][[1]]",2,0,15.28826179492147
"[[0, 0, 1], [0, 0, 1], [0, 0, 1], [1, 1, 1]][[1]]",3,1,5.148607947260549
"[[0, 0, 0], [0, 1, 0], [0, 1, 0], [1, 1, 1]][[1]]",0,1,-8.033819395546182
"[[0, 0, 0], [0, 0, 0], [1, 1, 0], [1, 1, 1]][[1]]",1,2,15.706135045254182
"[[1, 0, 0], [1, 0, 0], [1, 0, 0], [1, 1, 1]][[1]]",3,2,4.9271152056317264
"[[0, 0, 0], [0, 1, 0], [1, 1, 0], [1, 1, 1]][[1]]",3,1,-7.770018758291313
"[[0, 0, 0], [0, 0, 0], [0, 1, 1], [1, 1, 1]][[1]]",2,2,7.699822041157866
"[[0, 0, 0], [0, 1, 0], [1, 1, 0], [1, 1, 1]][[1]]",3,2,7.431865865161843
"[[1, 0, 0], [1, 0, 0], [1, 0, 0], [1, 1, 1]][[1]]",1,1,5.182298788467595
"[[0, 0, 1], [0, 0, 1], [0, 0, 1], [1, 1, 1]][[1]]",1,1,3.7842927600691265
"[[0, 0, 1], [0, 0, 1], [0, 1, 1], [1, 1, 1]][[1]]",3,1,7.285113724761712
"[[0, 0, 0], [0, 1, 0], [0, 1, 1], [1, 1, 1]][[1]]",2,1,-11.483377975271113
"[[1, 0, 0], [1, 0, 0], [1, 1, 0], [1, 1, 1]][[1]]",2,2,1.9022937711284742
"[[0, 0, 0], [0, 0, 0], [1, 1, 0], [1, 1, 1]][[1]]",2,0,9.379144092286541
"[[0, 0, 0], [0, 0, 1], [1, 0, 1], [1, 1, 1]][[1]]",3,1,13.56521428895872
"[[0, 0, 0], [0, 1, 0], [0, 1, 0], [1, 1, 1]][[1]]",2,1,-12.191193748651713
"[[0, 0, 1], [0, 0, 1], [0, 1, 1], [1, 1, 1]][[1]]",1,1,4.87765751867666
"[[0, 0, 0], [0, 1, 0], [0, 1, 0], [1, 1, 1]][[1]]",0,2,6.169273490983469
"[[0, 0, 0], [0, 1, 0], [0, 1, 1], [1, 1, 1]][[1]]",3,1,-5.561269695966765
"[[0, 0, 0], [1, 1, 0], [1, 1, 0], [1, 1, 1]][[1]]",1,2,4.858902310271627
"[[0, 0, 0], [0, 1, 0], [0, 1, 0], [1, 1, 1]][[1]]",2,2,0.26478298304419545
"[[0, 0, 1], [0, 0, 1], [0, 0, 1], [1, 1, 1]][[1]]",2,1,3.4927465220953446
"[[0, 0, 0], [1, 0, 0], [1, 1, 0], [1, 1, 1]][[1]]",0,0,2.838271122759893
"[[0, 0, 1], [1, 0, 1], [1, 0, 1], [1, 1, 1]][[1]]",3,2,2.9654779023760938
"[[0, 0, 0], [1, 1, 0], [1, 1, 0], [1, 1, 1]][[1]]",2,0,6.010494536049706
"[[1, 0, 0], [1, 1, 0], [1, 1, 0], [1, 1, 1]][[1]]",0,1,-8.969584177407523
"[[1, 0, 0], [1, 0, 0], [1, 1, 0], [1, 1, 1]][[1]]",0,1,6.128825158828899
"[[0, 0, 0], [0, 1, 0], [0, 1, 0], [1, 1, 1]][[1]]",2,0,2.2151132124167736
"[[0, 0, 0], [1, 1, 0], [1, 1, 0], [1, 1, 1]][[1]]",0,0,5.4555739608385965
"[[1, 0, 0], [1, 1, 0], [1, 1, 0], [1, 1, 1]][[1]]",1,1,-11.015979155141872
"[[0, 0, 0], [0, 1, 0], [1, 1, 0], [1, 1, 1]][[1]]",0,2,6.4574834598746715
"[[0, 0, 0], [0, 1, 1], [0, 1, 1], [1, 1, 1]][[1]]",1,1,-5.38265556036214
"[[0, 0, 1], [0, 0, 1], [0, 0, 1], [1, 1, 1]][[1]]",1,0,2.5369453027336624
"[[1, 0, 0], [1, 0, 0], [1, 0, 0], [1, 1, 1]][[1]]",3,1,0.964953609816477
"[[0, 0, 1], [0, 1, 1], [0, 1, 1], [1, 1, 1]][[1]]",3,0,2.8841335156565773
"[[0, 0, 0], [0, 1, 0], [1, 1, 0], [1, 1, 1]][[1]]",3,0,1.3135780689003003
"[[0, 0, 0], [0, 1, 0], [0, 1, 1], [1, 1, 1]][[1]]",3,0,6.6301193618006256
"[[0, 0, 1], [0, 0, 1], [0, 0, 1], [1, 1, 1]][[1]]",3,0,1.5317667328173539
